[Header],,,,,,,,,,,,,,,
IEMFileVersion,4,,,,,,,,,,,,,,
Investigator Name,Tester,,,,,,,,,,,,,,
Experiment Name,Test,,,,,,,,,,,,,,
Date,5/1/17,,,,,,,,,,,,,,
,,,,,,,,,,,,,,,
Workflow,TruSight Chimerism,,,,,,,,,,,,,,
Application,TruSight Chimerism,,,,,,,,,,,,,,
Assay,TruSight Chimerism,,,,,,,,,,,,,,
Description,,,,,,,,,,,,,,,
Chemistry,Amplicon,,,,,,,,,,,,,,
,,,,,,,,,,,,,,,
[Settings],,,,,,,,,,,,,,,
FastQPath,Example_Input/Fastq,,,,,,,,,,,,,,# fastq file path
HCFairPath,Example_Input/Reports,,,,,,,,,,,,,,# HCFair output path
ChimerQTPath,ChimerQT_EPS,,,,,,,,,,,,,,# ChimerQT output path
ErrorModel,estimate,# sequncing error model,,,,,,,,,,,,,
Model,PUGT.EPS,,,,,,,,,,,,,,
,,,,,,,,,,,,,,,
[Reads],,,,,,,,,,,,,,,
76,,,,,,,,,,,,,,,
76,,,,,,,,,,,,,,,
,,,,,,,,,,,,,,,
[Manifests],,,,,,,,,,,,,,,
A,Nack_v4_manifest.forenseq.202plex.txt,,,,,,,,,,,,,,
,,,,,,,,,,,,,,,
[Data],,,,,,,,,,,,,,,
Sample_ID,Sample_Name,Sample_Plate,Sample_Well,I7_Index_ID,index,I5_Index_ID,index2,manifest,GenomeFolder,SampleType,InputDNA,DNAType,GeneticRelationship,Baselines,ExclusionFile
HRZ-14-2Allosure3ng,HRZ-14-2Allosure3ng,,,A710,TGTGACCA,A501,TGAACCTT,A,/illumina/sync/software/unofficial/Isas/Genomes/Homo_sapiens/UCSC/hg19/Sequence/WholeGenomeFasta/,assay,3,cfDNA,child,Donor=NA; Recipient=NA,
HRZ-14-2Allosure5ng,HRZ-14-2Allosure5ng,,,A710,TGTGACCA,A501,TGAACCTT,A,/illumina/sync/software/unofficial/Isas/Genomes/Homo_sapiens/UCSC/hg19/Sequence/WholeGenomeFasta/,assay,5,cfDNA,unrelated,Donor=NA; Recipient=NA,
HRZ-14-2Allosure8ng,HRZ-14-2Allosure8ng,,,A710,TGTGACCA,A501,TGAACCTT,A,/illumina/sync/software/unofficial/Isas/Genomes/Homo_sapiens/UCSC/hg19/Sequence/WholeGenomeFasta/,assay,8,cfDNA,unrelated,Donor=NA; Recipient=NA,
HRZ-14-2Allosure10ng,HRZ-14-2Allosure10ng,,,A710,TGTGACCA,A501,TGAACCTT,A,/illumina/sync/software/unofficial/Isas/Genomes/Homo_sapiens/UCSC/hg19/Sequence/WholeGenomeFasta/,assay,10,cfDNA,unrelated,Donor=Example_Input/Reports/HRZ-14-2Allosure8ng_S3.SnpResults.txt;Recipient=NA,
HRZ-14-2Allosure16ng,HRZ-14-2Allosure16ng,,,A710,TGTGACCA,A501,TGAACCTT,A,/illumina/sync/software/unofficial/Isas/Genomes/Homo_sapiens/UCSC/hg19/Sequence/WholeGenomeFasta/,assay,16,cfDNA,unrelated,Donor=NA; Recipient=NA,
HRZ-14-2Allosure35ng,HRZ-14-2Allosure35ng,,,A710,TGTGACCA,A501,TGAACCTT,A,/illumina/sync/software/unofficial/Isas/Genomes/Homo_sapiens/UCSC/hg19/Sequence/WholeGenomeFasta/,assay,35,cfDNA,unrelated,Donor=NA; Recipient=NA,
gDNA-10-31ng,gDNA-10-31ng,,,A710,TGTGACCA,A501,TGAACCTT,A,/illumina/sync/software/unofficial/Isas/Genomes/Homo_sapiens/UCSC/hg19/Sequence/WholeGenomeFasta/,assay,1,gDNA,unrelated,Donor=NA; Recipient=NA,
gDNA-10-35ng,gDNA-10-35ng,,,A710,TGTGACCA,A501,TGAACCTT,A,/illumina/sync/software/unofficial/Isas/Genomes/Homo_sapiens/UCSC/hg19/Sequence/WholeGenomeFasta/,assay,5,gDNA,unrelated,Donor=NA; Recipient=NA,
gDNA-10-310ng,gDNA-10-310ng,,,A710,TGTGACCA,A501,TGAACCTT,A,/illumina/sync/software/unofficial/Isas/Genomes/Homo_sapiens/UCSC/hg19/Sequence/WholeGenomeFasta/,assay,10,gDNA,unrelated,Donor=NA; Recipient=NA,
gDNA-10-320ng,gDNA-10-320ng,,,A710,TGTGACCA,A501,TGAACCTT,A,/illumina/sync/software/unofficial/Isas/Genomes/Homo_sapiens/UCSC/hg19/Sequence/WholeGenomeFasta/,assay,20,gDNA,unrelated,Donor=NA; Recipient=NA,
gDNA-10-350ng,gDNA-10-350ng,,,A710,TGTGACCA,A501,TGAACCTT,A,/illumina/sync/software/unofficial/Isas/Genomes/Homo_sapiens/UCSC/hg19/Sequence/WholeGenomeFasta/,assay,50,gDNA,unrelated,Donor=NA; Recipient=NA,
gDNA-10-3100ng,gDNA-10-3100ng,,,A710,TGTGACCA,A501,TGAACCTT,A,/illumina/sync/software/unofficial/Isas/Genomes/Homo_sapiens/UCSC/hg19/Sequence/WholeGenomeFasta/,assay,100,gDNA,unrelated,Donor=NA; Recipient=NA,
gDNA-10-31000ng,gDNA-10-31000ng,,,A710,TGTGACCA,A501,TGAACCTT,A,/illumina/sync/software/unofficial/Isas/Genomes/Homo_sapiens/UCSC/hg19/Sequence/WholeGenomeFasta/,assay,1000,gDNA,unrelated,Donor=NA; Recipient=NA,
gDNA-10-310000ng,gDNA-10-310000ng,,,A710,TGTGACCA,A501,TGAACCTT,A,/illumina/sync/software/unofficial/Isas/Genomes/Homo_sapiens/UCSC/hg19/Sequence/WholeGenomeFasta/,assay,10000,gDNA,unrelated,Donor=NA; Recipient=NA,
